{
    "assetCategories": {
        "3D asset": {
            "food": {
                "fruit": {}
            }
        }
    },
    "averageColor": "#617129",
    "brushes": [],
    "categories": [
        "3d",
        "edible",
        "fruits",
        "cucurbitaceae",
        "archviz"
    ],
    "comp_version": 1,
    "displacement_bias_tier1": 0.568936,
    "displacement_scale_tier1": 0.108865,
    "environment": {
        "biome": "undefined",
        "region": "Undefined"
    },
    "highest_available_res": 4096,
    "id": "tguocjppa",
    "is_uefn_compatible": true,
    "json": {
        "contentLength": 21530,
        "uri": "tguocjppa.json"
    },
    "maps": [
        {
            "averageColor": "#FFFFFF",
            "bitDepth": 32,
            "colorSpace": "sRGB",
            "contentLength": 1558056,
            "maxIntensity": 255,
            "mimeType": "image/x-exr",
            "minIntensity": 246,
            "name": "AO",
            "physicalSize": "1x1",
            "resolution": "4096x4096",
            "tier": 0,
            "type": "ao",
            "uri": "tier_0/tguocjppa_4K_AO.exr"
        },
        {
            "averageColor": "#FFFFFF",
            "bitDepth": 8,
            "colorSpace": "sRGB",
            "contentLength": 353954,
            "maxIntensity": 255,
            "mimeType": "image/jpeg",
            "minIntensity": 246,
            "name": "AO",
            "physicalSize": "1x1",
            "resolution": "4096x4096",
            "tier": 0,
            "type": "ao",
            "uri": "tier_0/tguocjppa_4K_AO.jpg"
        },
        {
            "averageColor": "#617129",
            "bitDepth": 16,
            "colorSpace": "sRGB",
            "contentLength": 52232729,
            "maxIntensity": 157,
            "mimeType": "image/x-exr",
            "minIntensity": 42,
            "name": "Basecolor",
            "physicalSize": "1x1",
            "resolution": "4096x4096",
            "tier": 0,
            "type": "basecolor",
            "uri": "tier_0/tguocjppa_4K_Basecolor.exr"
        },
        {
            "averageColor": "#617129",
            "bitDepth": 8,
            "colorSpace": "sRGB",
            "contentLength": 7997036,
            "maxIntensity": 157,
            "mimeType": "image/jpeg",
            "minIntensity": 42,
            "name": "Basecolor",
            "physicalSize": "1x1",
            "resolution": "4096x4096",
            "tier": 0,
            "type": "basecolor",
            "uri": "tier_0/tguocjppa_4K_Basecolor.jpg"
        },
        {
            "averageColor": "#F6F6F6",
            "bitDepth": 32,
            "colorSpace": "sRGB",
            "contentLength": 15141973,
            "maxIntensity": 255,
            "mimeType": "image/x-exr",
            "minIntensity": 231,
            "name": "Cavity",
            "physicalSize": "1x1",
            "resolution": "4096x4096",
            "tier": 0,
            "type": "cavity",
            "uri": "tier_0/tguocjppa_4K_Cavity.exr"
        },
        {
            "averageColor": "#F6F6F6",
            "bitDepth": 8,
            "colorSpace": "sRGB",
            "contentLength": 5571472,
            "maxIntensity": 255,
            "mimeType": "image/jpeg",
            "minIntensity": 231,
            "name": "Cavity",
            "physicalSize": "1x1",
            "resolution": "4096x4096",
            "tier": 0,
            "type": "cavity",
            "uri": "tier_0/tguocjppa_4K_Cavity.jpg"
        },
        {
            "averageColor": "#4C4C4C",
            "bitDepth": 32,
            "colorSpace": "Linear",
            "contentLength": 18345821,
            "maxIntensity": 102,
            "mimeType": "image/x-exr",
            "minIntensity": 60,
            "name": "Gloss",
            "physicalSize": "1x1",
            "resolution": "4096x4096",
            "tier": 0,
            "type": "gloss",
            "uri": "tier_0/tguocjppa_4K_Gloss.exr"
        },
        {
            "averageColor": "#4C4C4C",
            "bitDepth": 8,
            "colorSpace": "Linear",
            "contentLength": 4567577,
            "maxIntensity": 102,
            "mimeType": "image/jpeg",
            "minIntensity": 60,
            "name": "Gloss",
            "physicalSize": "1x1",
            "resolution": "4096x4096",
            "tier": 0,
            "type": "gloss",
            "uri": "tier_0/tguocjppa_4K_Gloss.jpg"
        },
        {
            "bitDepth": 16,
            "colorspace": "linear",
            "contentLength": 22420032,
            "mimeType": "image/x-exr",
            "name": "Normal",
            "resolution": "4096x4096",
            "tier": 0,
            "type": "normal",
            "uri": "tier_0/tguocjppa_4K_Normal.exr"
        },
        {
            "bitDepth": 8,
            "colorspace": "linear",
            "contentLength": 5527868,
            "mimeType": "image/jpeg",
            "name": "Normal",
            "resolution": "4096x4096",
            "tier": 0,
            "type": "normal",
            "uri": "tier_0/tguocjppa_4K_Normal.jpg"
        },
        {
            "averageColor": "#B6B6B6",
            "bitDepth": 32,
            "colorSpace": "Linear",
            "contentLength": 15784895,
            "maxIntensity": 199,
            "mimeType": "image/x-exr",
            "minIntensity": 156,
            "name": "Roughness",
            "physicalSize": "1x1",
            "resolution": "4096x4096",
            "tier": 0,
            "type": "roughness",
            "uri": "tier_0/tguocjppa_4K_Roughness.exr"
        },
        {
            "averageColor": "#B6B6B6",
            "bitDepth": 8,
            "colorSpace": "Linear",
            "contentLength": 4461363,
            "maxIntensity": 199,
            "mimeType": "image/jpeg",
            "minIntensity": 156,
            "name": "Roughness",
            "physicalSize": "1x1",
            "resolution": "4096x4096",
            "tier": 0,
            "type": "roughness",
            "uri": "tier_0/tguocjppa_4K_Roughness.jpg"
        },
        {
            "averageColor": "#333333",
            "bitDepth": 16,
            "colorSpace": "sRGB",
            "contentLength": 31193251,
            "maxIntensity": 54,
            "mimeType": "image/x-exr",
            "minIntensity": 47,
            "name": "Specular",
            "physicalSize": "1x1",
            "resolution": "4096x4096",
            "tier": 0,
            "type": "specular",
            "uri": "tier_0/tguocjppa_4K_Specular.exr"
        },
        {
            "averageColor": "#333333",
            "bitDepth": 8,
            "colorSpace": "sRGB",
            "contentLength": 2804794,
            "maxIntensity": 54,
            "mimeType": "image/jpeg",
            "minIntensity": 47,
            "name": "Specular",
            "physicalSize": "1x1",
            "resolution": "4096x4096",
            "tier": 0,
            "type": "specular",
            "uri": "tier_0/tguocjppa_4K_Specular.jpg"
        },
        {
            "averageColor": "#FFFFFF",
            "bitDepth": 32,
            "colorSpace": "sRGB",
            "contentLength": 1558056,
            "maxIntensity": 255,
            "mimeType": "image/x-exr",
            "minIntensity": 246,
            "name": "AO",
            "physicalSize": "1x1",
            "resolution": "4096x4096",
            "tier": 1,
            "type": "ao",
            "uri": "tier_1/tguocjppa_4K_AO.exr"
        },
        {
            "averageColor": "#FFFFFF",
            "bitDepth": 8,
            "colorSpace": "sRGB",
            "contentLength": 353954,
            "maxIntensity": 255,
            "mimeType": "image/jpeg",
            "minIntensity": 246,
            "name": "AO",
            "physicalSize": "1x1",
            "resolution": "4096x4096",
            "tier": 1,
            "type": "ao",
            "uri": "tier_1/tguocjppa_4K_AO.jpg"
        },
        {
            "averageColor": "#617129",
            "bitDepth": 16,
            "colorSpace": "sRGB",
            "contentLength": 52232729,
            "maxIntensity": 157,
            "mimeType": "image/x-exr",
            "minIntensity": 42,
            "name": "Basecolor",
            "physicalSize": "1x1",
            "resolution": "4096x4096",
            "tier": 1,
            "type": "basecolor",
            "uri": "tier_1/tguocjppa_4K_Basecolor.exr"
        },
        {
            "averageColor": "#617129",
            "bitDepth": 8,
            "colorSpace": "sRGB",
            "contentLength": 7997036,
            "maxIntensity": 157,
            "mimeType": "image/jpeg",
            "minIntensity": 42,
            "name": "Basecolor",
            "physicalSize": "1x1",
            "resolution": "4096x4096",
            "tier": 1,
            "type": "basecolor",
            "uri": "tier_1/tguocjppa_4K_Basecolor.jpg"
        },
        {
            "averageColor": "#F6F6F6",
            "bitDepth": 32,
            "colorSpace": "sRGB",
            "contentLength": 15141973,
            "maxIntensity": 255,
            "mimeType": "image/x-exr",
            "minIntensity": 231,
            "name": "Cavity",
            "physicalSize": "1x1",
            "resolution": "4096x4096",
            "tier": 1,
            "type": "cavity",
            "uri": "tier_1/tguocjppa_4K_Cavity.exr"
        },
        {
            "averageColor": "#F6F6F6",
            "bitDepth": 8,
            "colorSpace": "sRGB",
            "contentLength": 5571472,
            "maxIntensity": 255,
            "mimeType": "image/jpeg",
            "minIntensity": 231,
            "name": "Cavity",
            "physicalSize": "1x1",
            "resolution": "4096x4096",
            "tier": 1,
            "type": "cavity",
            "uri": "tier_1/tguocjppa_4K_Cavity.jpg"
        },
        {
            "averageColor": "#828282",
            "bitDepth": 32,
            "colorSpace": "Linear",
            "contentLength": 1568339,
            "maxIntensity": 130,
            "mimeType": "image/x-exr",
            "minIntensity": 129,
            "name": "Displacement",
            "physicalSize": "1x1",
            "resolution": "4096x4096",
            "tier": 1,
            "type": "displacement",
            "uri": "tier_1/tguocjppa_4K_Displacement.exr"
        },
        {
            "averageColor": "#828282",
            "bitDepth": 8,
            "colorSpace": "Linear",
            "contentLength": 1445079,
            "maxIntensity": 130,
            "mimeType": "image/jpeg",
            "minIntensity": 129,
            "name": "Displacement",
            "physicalSize": "1x1",
            "resolution": "4096x4096",
            "tier": 1,
            "type": "displacement",
            "uri": "tier_1/tguocjppa_4K_Displacement.jpg"
        },
        {
            "averageColor": "#4C4C4C",
            "bitDepth": 32,
            "colorSpace": "Linear",
            "contentLength": 18345821,
            "maxIntensity": 102,
            "mimeType": "image/x-exr",
            "minIntensity": 60,
            "name": "Gloss",
            "physicalSize": "1x1",
            "resolution": "4096x4096",
            "tier": 1,
            "type": "gloss",
            "uri": "tier_1/tguocjppa_4K_Gloss.exr"
        },
        {
            "averageColor": "#4C4C4C",
            "bitDepth": 8,
            "colorSpace": "Linear",
            "contentLength": 4567577,
            "maxIntensity": 102,
            "mimeType": "image/jpeg",
            "minIntensity": 60,
            "name": "Gloss",
            "physicalSize": "1x1",
            "resolution": "4096x4096",
            "tier": 1,
            "type": "gloss",
            "uri": "tier_1/tguocjppa_4K_Gloss.jpg"
        },
        {
            "bitDepth": 16,
            "colorspace": "linear",
            "contentLength": 24321552,
            "mimeType": "image/x-exr",
            "name": "Normal",
            "resolution": "4096x4096",
            "tier": 1,
            "type": "normal",
            "uri": "tier_1/tguocjppa_4K_Normal.exr"
        },
        {
            "bitDepth": 8,
            "colorspace": "linear",
            "contentLength": 5826738,
            "mimeType": "image/jpeg",
            "name": "Normal",
            "resolution": "4096x4096",
            "tier": 1,
            "type": "normal",
            "uri": "tier_1/tguocjppa_4K_Normal.jpg"
        },
        {
            "averageColor": "#B6B6B6",
            "bitDepth": 32,
            "colorSpace": "Linear",
            "contentLength": 15784895,
            "maxIntensity": 199,
            "mimeType": "image/x-exr",
            "minIntensity": 156,
            "name": "Roughness",
            "physicalSize": "1x1",
            "resolution": "4096x4096",
            "tier": 1,
            "type": "roughness",
            "uri": "tier_1/tguocjppa_4K_Roughness.exr"
        },
        {
            "averageColor": "#B6B6B6",
            "bitDepth": 8,
            "colorSpace": "Linear",
            "contentLength": 4461363,
            "maxIntensity": 199,
            "mimeType": "image/jpeg",
            "minIntensity": 156,
            "name": "Roughness",
            "physicalSize": "1x1",
            "resolution": "4096x4096",
            "tier": 1,
            "type": "roughness",
            "uri": "tier_1/tguocjppa_4K_Roughness.jpg"
        },
        {
            "averageColor": "#333333",
            "bitDepth": 16,
            "colorSpace": "sRGB",
            "contentLength": 31193251,
            "maxIntensity": 54,
            "mimeType": "image/x-exr",
            "minIntensity": 47,
            "name": "Specular",
            "physicalSize": "1x1",
            "resolution": "4096x4096",
            "tier": 1,
            "type": "specular",
            "uri": "tier_1/tguocjppa_4K_Specular.exr"
        },
        {
            "averageColor": "#333333",
            "bitDepth": 8,
            "colorSpace": "sRGB",
            "contentLength": 2804794,
            "maxIntensity": 54,
            "mimeType": "image/jpeg",
            "minIntensity": 47,
            "name": "Specular",
            "physicalSize": "1x1",
            "resolution": "4096x4096",
            "tier": 1,
            "type": "specular",
            "uri": "tier_1/tguocjppa_4K_Specular.jpg"
        },
        {
            "averageColor": "#FFFFFF",
            "bitDepth": 32,
            "colorSpace": "sRGB",
            "contentLength": 1558056,
            "maxIntensity": 255,
            "mimeType": "image/x-exr",
            "minIntensity": 246,
            "name": "AO",
            "physicalSize": "1x1",
            "resolution": "4096x4096",
            "tier": 2,
            "type": "ao",
            "uri": "tier_2/tguocjppa_4K_AO.exr"
        },
        {
            "averageColor": "#FFFFFF",
            "bitDepth": 8,
            "colorSpace": "sRGB",
            "contentLength": 353954,
            "maxIntensity": 255,
            "mimeType": "image/jpeg",
            "minIntensity": 246,
            "name": "AO",
            "physicalSize": "1x1",
            "resolution": "4096x4096",
            "tier": 2,
            "type": "ao",
            "uri": "tier_2/tguocjppa_4K_AO.jpg"
        },
        {
            "averageColor": "#617129",
            "bitDepth": 16,
            "colorSpace": "sRGB",
            "contentLength": 52232729,
            "maxIntensity": 157,
            "mimeType": "image/x-exr",
            "minIntensity": 42,
            "name": "Basecolor",
            "physicalSize": "1x1",
            "resolution": "4096x4096",
            "tier": 2,
            "type": "basecolor",
            "uri": "tier_2/tguocjppa_4K_Basecolor.exr"
        },
        {
            "averageColor": "#617129",
            "bitDepth": 8,
            "colorSpace": "sRGB",
            "contentLength": 7997036,
            "maxIntensity": 157,
            "mimeType": "image/jpeg",
            "minIntensity": 42,
            "name": "Basecolor",
            "physicalSize": "1x1",
            "resolution": "4096x4096",
            "tier": 2,
            "type": "basecolor",
            "uri": "tier_2/tguocjppa_4K_Basecolor.jpg"
        },
        {
            "averageColor": "#F6F6F6",
            "bitDepth": 32,
            "colorSpace": "sRGB",
            "contentLength": 15141973,
            "maxIntensity": 255,
            "mimeType": "image/x-exr",
            "minIntensity": 231,
            "name": "Cavity",
            "physicalSize": "1x1",
            "resolution": "4096x4096",
            "tier": 2,
            "type": "cavity",
            "uri": "tier_2/tguocjppa_4K_Cavity.exr"
        },
        {
            "averageColor": "#F6F6F6",
            "bitDepth": 8,
            "colorSpace": "sRGB",
            "contentLength": 5571472,
            "maxIntensity": 255,
            "mimeType": "image/jpeg",
            "minIntensity": 231,
            "name": "Cavity",
            "physicalSize": "1x1",
            "resolution": "4096x4096",
            "tier": 2,
            "type": "cavity",
            "uri": "tier_2/tguocjppa_4K_Cavity.jpg"
        },
        {
            "averageColor": "#4C4C4C",
            "bitDepth": 32,
            "colorSpace": "Linear",
            "contentLength": 18345821,
            "maxIntensity": 102,
            "mimeType": "image/x-exr",
            "minIntensity": 60,
            "name": "Gloss",
            "physicalSize": "1x1",
            "resolution": "4096x4096",
            "tier": 2,
            "type": "gloss",
            "uri": "tier_2/tguocjppa_4K_Gloss.exr"
        },
        {
            "averageColor": "#4C4C4C",
            "bitDepth": 8,
            "colorSpace": "Linear",
            "contentLength": 4567577,
            "maxIntensity": 102,
            "mimeType": "image/jpeg",
            "minIntensity": 60,
            "name": "Gloss",
            "physicalSize": "1x1",
            "resolution": "4096x4096",
            "tier": 2,
            "type": "gloss",
            "uri": "tier_2/tguocjppa_4K_Gloss.jpg"
        },
        {
            "bitDepth": 16,
            "colorspace": "linear",
            "contentLength": 19980092,
            "mimeType": "image/x-exr",
            "name": "Normal",
            "resolution": "4096x4096",
            "tier": 2,
            "type": "normal",
            "uri": "tier_2/tguocjppa_4K_Normal.exr"
        },
        {
            "bitDepth": 8,
            "colorspace": "linear",
            "contentLength": 4878342,
            "mimeType": "image/jpeg",
            "name": "Normal",
            "resolution": "4096x4096",
            "tier": 2,
            "type": "normal",
            "uri": "tier_2/tguocjppa_4K_Normal.jpg"
        },
        {
            "averageColor": "#B6B6B6",
            "bitDepth": 32,
            "colorSpace": "Linear",
            "contentLength": 15784895,
            "maxIntensity": 199,
            "mimeType": "image/x-exr",
            "minIntensity": 156,
            "name": "Roughness",
            "physicalSize": "1x1",
            "resolution": "4096x4096",
            "tier": 2,
            "type": "roughness",
            "uri": "tier_2/tguocjppa_4K_Roughness.exr"
        },
        {
            "averageColor": "#B6B6B6",
            "bitDepth": 8,
            "colorSpace": "Linear",
            "contentLength": 4461363,
            "maxIntensity": 199,
            "mimeType": "image/jpeg",
            "minIntensity": 156,
            "name": "Roughness",
            "physicalSize": "1x1",
            "resolution": "4096x4096",
            "tier": 2,
            "type": "roughness",
            "uri": "tier_2/tguocjppa_4K_Roughness.jpg"
        },
        {
            "averageColor": "#333333",
            "bitDepth": 16,
            "colorSpace": "sRGB",
            "contentLength": 31193251,
            "maxIntensity": 54,
            "mimeType": "image/x-exr",
            "minIntensity": 47,
            "name": "Specular",
            "physicalSize": "1x1",
            "resolution": "4096x4096",
            "tier": 2,
            "type": "specular",
            "uri": "tier_2/tguocjppa_4K_Specular.exr"
        },
        {
            "averageColor": "#333333",
            "bitDepth": 8,
            "colorSpace": "sRGB",
            "contentLength": 2804794,
            "maxIntensity": 54,
            "mimeType": "image/jpeg",
            "minIntensity": 47,
            "name": "Specular",
            "physicalSize": "1x1",
            "resolution": "4096x4096",
            "tier": 2,
            "type": "specular",
            "uri": "tier_2/tguocjppa_4K_Specular.jpg"
        },
        {
            "averageColor": "#FFFFFF",
            "bitDepth": 8,
            "colorSpace": "sRGB",
            "contentLength": 510922,
            "maxIntensity": 255,
            "mimeType": "image/jpeg",
            "minIntensity": 246,
            "name": "AO",
            "physicalSize": "1x1",
            "resolution": "4096x4096",
            "tier": 3,
            "type": "ao",
            "uri": "tier_3/tguocjppa_4K_AO.jpg"
        },
        {
            "averageColor": "#617129",
            "bitDepth": 8,
            "colorSpace": "sRGB",
            "contentLength": 8227863,
            "maxIntensity": 157,
            "mimeType": "image/jpeg",
            "minIntensity": 42,
            "name": "Basecolor",
            "physicalSize": "1x1",
            "resolution": "4096x4096",
            "tier": 3,
            "type": "basecolor",
            "uri": "tier_3/tguocjppa_4K_Basecolor.jpg"
        },
        {
            "bitDepth": 8,
            "colorspace": "linear",
            "contentLength": 5684362,
            "mimeType": "image/jpeg",
            "name": "Normal",
            "resolution": "4096x4096",
            "tier": 3,
            "type": "normal",
            "uri": "tier_3/tguocjppa_4K_Normal.jpg"
        },
        {
            "averageColor": "#B6B6B6",
            "bitDepth": 8,
            "colorSpace": "Linear",
            "contentLength": 4685468,
            "maxIntensity": 199,
            "mimeType": "image/jpeg",
            "minIntensity": 156,
            "name": "Roughness",
            "physicalSize": "1x1",
            "resolution": "4096x4096",
            "tier": 3,
            "type": "roughness",
            "uri": "tier_3/tguocjppa_4K_Roughness.jpg"
        }
    ],
    "meta": [
        {
            "key": "assembly",
            "name": "Assembly",
            "value": "false"
        },
        {
            "key": "small3dasset",
            "name": "Small3dAsset",
            "value": "true"
        },
        {
            "key": "color",
            "name": "Color",
            "value": "Green"
        },
        {
            "key": "points",
            "name": "Points",
            "value": 4
        },
        {
            "key": "texelDensity",
            "name": "Texel Density",
            "value": "544 px/m"
        },
        {
            "key": "length",
            "name": "Length",
            "value": "0.2m"
        },
        {
            "key": "width",
            "name": "Width",
            "value": "0.2m"
        },
        {
            "key": "height",
            "name": "Height",
            "value": "0.2m"
        }
    ],
    "models": [
        {
            "contentLength": 43317904,
            "mimeType": "application/x-fbx",
            "tier": 0,
            "tris": 1077733,
            "uri": "tier_0/tguocjppa.fbx"
        },
        {
            "contentLength": 158096,
            "mimeType": "application/x-fbx",
            "tier": 1,
            "tris": 2630,
            "uri": "tier_1/tguocjppa.fbx"
        },
        {
            "contentLength": 60128,
            "mimeType": "application/x-fbx",
            "tier": 2,
            "tris": 1257,
            "uri": "tier_2/tguocjppa.fbx"
        },
        {
            "contentLength": 36960,
            "mimeType": "application/x-fbx",
            "tier": 3,
            "tris": 123,
            "uri": "tier_3/tguocjppa.fbx"
        }
    ],
    "name": "Watermelon",
    "pack": {
        "_id": "definitive-fruits",
        "name": "Definitive Fruits"
    },
    "physicalSize": "1x1",
    "points": 4,
    "previews": {
        "images": [
            {
                "contentLength": 1722479,
                "content_length": 74099,
                "resolution": "1920x1080",
                "uri": "tguocjppa_preview.png"
            }
        ],
        "relativeSize": "1x1"
    },
    "process_date": "2023-11-18 12:17:17",
    "properties": [
        {
            "key": "size",
            "value": "Small"
        },
        {
            "key": "mesh type",
            "value": "Closed"
        }
    ],
    "referencePreviews": {
        "maps": [],
        "models": [
            {
                "contentLength": 167728,
                "mimeType": "application/x-fbx",
                "tris": 2630,
                "uri": "tguocjppa_layout.fbx"
            }
        ]
    },
    "references": [],
    "revised": false,
    "revision": 0,
    "semanticTags": {
        "3d_mesh": "Closed",
        "architectural_style": {},
        "asset_type": "3D asset",
        "city": [],
        "color": [
            "green"
        ],
        "contains": [
            "watermelon",
            "fruit"
        ],
        "descriptive": [
            "whole",
            " fresh",
            " edible"
        ],
        "environment": [
            "urban",
            "rural"
        ],
        "industry": [
            "archviz",
            "games",
            "VFX"
        ],
        "interior_exterior": [],
        "locations": {
            "Global": {
                "Global": {}
            }
        },
        "maxSize": 0.2,
        "minSize": 0.2,
        "name": "Watermelon",
        "orientation": [],
        "resolution": 4096,
        "state": [
            "old",
            "new"
        ],
        "subject_matter": "nature",
        "theme": [
            "kitchen"
        ]
    },
    "tags": [
        "melon",
        "fruit",
        "cucurbitaceae",
        "archviz",
        "watermelon"
    ],
    "texelDensity": 1081,
    "texture_type": "basic",
    "ue_plugin_archives": [
        {
            "contentLength": 60430955,
            "gltfVersion": "2.0",
            "tier": 0,
            "type": "gltf",
            "uri": "ue_plugin_archives/tier_0/tguocjppa_tier_0.zip",
            "version": 1
        },
        {
            "contentLength": 33997796,
            "gltfVersion": "2.0",
            "tier": 1,
            "type": "gltf",
            "uri": "ue_plugin_archives/tier_1/tguocjppa_tier_1.zip",
            "version": 1
        },
        {
            "contentLength": 10177582,
            "gltfVersion": "2.0",
            "tier": 2,
            "type": "gltf",
            "uri": "ue_plugin_archives/tier_2/tguocjppa_tier_2.zip",
            "version": 1
        },
        {
            "contentLength": 1043679,
            "gltfVersion": "2.0",
            "tier": 3,
            "type": "gltf",
            "uri": "ue_plugin_archives/tier_3/tguocjppa_tier_3.zip",
            "version": 1
        }
    ],
    "version": 2
}